UBS,Endereco,Telefone,Email,Horarios
"UBS ALTO CAFEZAL ""Dr. Francisco Nicolau Salum""","Rua Paes Lemes nº 850","(14) 3454-9168 / 3454-5831",ubsaltocafezal@gmail.com,07h às 17h
"USF BANDEIRANTES I e II ""Dr. Augusto Bastos Chaves""","Rua Albericio Mendes Pinto nº 96","(14) 3432-4442 / 3413-7279",usfbandeirantes@marilia.sp.gov.br,07h às 17h
"UBS CASCATA ""Dr. Luis Augusto Pisani Lourenço""","Rua Cláudio Manoel da Costa, nº 43","(14) 3432-1071 / 3434-2074",ubscascata@marilia.sp.gov.br,07h às 17h
"UBS CASTELO BRANCO ""Dr. Eurípides Batistetti""","Rua Adamantina nº 15","3415-3916 / 3415-3908",ubscastelobranco@marilia.sp.gov.br,07h às 17h
"UBS CHICO MENDES ""Dr. Érico Cardeal""","Rua Amador Bueno nº 1085","(14) 3413-6610 / 3432-3055",ubschicomendes@gmail.com,07h às 17h
"USF COSTA E SILVA I e II ""Dr. Gustavo Alberto de Godoy Pereira""","Rua Fernando Fontana nº 300","(14) 3451-5233 / 3417-8480",usfcostaesilva@marilia.sp.gov.br,07h às 17h
"USF Jardim Maracá I e II","Res. vida nova maracá - R. Josefa Pereira Alves, 15 - Maracá II, Marília - SP, 17533-385","(14) 3434-0067",,"Seg à sexta, 07h às 17h"
"USF J.K. I e II ""D. Maria da Conceição Brandão""","Rua Lucílio Coelho de Oliveira nº 5","(14) 3415-2116 / 3415-3329",ubsjk@marilia.sp.gov.br,07h às 17h
"UBS NOVA MARÍLIA ""Dr. Idreno Sylvio Cavallari""","Av. Mem de Sá nº 360-A","3451-1726 / 3417-2915",ubsnovamarilia@marilia.sp.gov.br,07h às 22h
"UBS PLANALTO ""Dr. Antonio Rodrigues Sobrinho""","Rua Gildo Bonato nº 207","3451-4669 / 3417-6184",ubsplanalto@marilia.sp.gov.br,07h às 17h
"UBS SÃO JUDAS ""Dr. Pérsio de Carvalho""","Rua Ribeirão Preto nº 510","(14) 3454-3025 / 3432-4686",ubssaojudas@marilia.sp.gov.br,07h às 17h
"USF SÃO MIGUEL I e II ""Dr. Simão de Andrade Ribeiro""","Rua 24 dezembro nº 2865","(14) 3432-3509 / 3422-1528",ubssaomiguel@marilia.sp.gov.br,07h às 17h
"UBS SANTA ANTONIETA ""Dr. João Batista Foloni""","Rua Profª Berta de Camargo Vieira, nº 595","(14) 3425-5360 / 3415-3557",ubssantaantonieta@marilia.sp.gov.br,07h às 17h
"USF ANIZ BADRA","Rua Urias Avelino de Moraes s/n","(14) 3415-2425",usfanizbadra@marilia.sp.gov.br,07h às 17h
"USF PARQUE DAS NAÇÕES ""Dr. Theodoro Pereira de Carvalho Filho""","Rua Antonio Spressão, 465, CEP 17.512-540","(14) 3415-2386",usfparquedasnacoes@marilia.sp.gov.br,07h às 17h
"USF ROSÁLIA ""João Ferreira""","Rua Kaniti Yamani s/n","(14) 3479-6099",usfrosalia@marilia.sp.gov.br,07h às 17h
"USF AVENCAS ""Dr. Hercules Galetti""","Av. Vitória Régia, 608","(14) 3479-1048",usfavencas@marilia.sp.gov.br,07h às 17h
"USF AMADEU AMARAL ""Roque Villane""","Rua Dr. Pimenta de Pádua, 168","(14) 3453-7153",usfamadeu@marilia.sp.gov.br,07h às 17h
"USF JARDIM CAVALARI ""Dr. Roberto Martes Antiqueira Elias""","Rua João Gerônimo Perinetti, 94","3454-1976",usfjardimcavalari@marilia.sp.gov.br,
"USF VILA REAL ""Dr. Sebastião Mesquita""","Rua Arthur Martins Ribeiro, 35","(14) 3451-6003 / 3451-0421",usfvilareal@marilia.sp.gov.br,07h às 17h
"USF SÃO BENTO ""Dr. Antonio Mendes Filho""","Ioneu Carvalho Domingos 556","(14) 3451-6244",usfsaobento@marilia.sp.gov.br,07h às 17h
"USF PADRE NOBREGA I e II ""Dr. Luiz de Camargo Bicudo""","Rua Salgado Filho, 30","(14) 3415-1734",usfpadrenobrega@marilia.sp.gov.br,07h às 17h
"USF JÂNIO QUADROS ""Jairo Florêncio Carvalho""","Rua Felipe Navas, 204","(14) 3425-5450",usfjanioquadros@marilia.sp.gov.br,07h às 17h
"USF LÁCIO ""Avelino Modelli""","Av. Brasil nº 272","(14) 3413-7568",usflacio@marilia.sp.gov.br,07h às 17h
"USF FIGUEIRINHA ""Dr. Nathanael Ribeiro de Melo""","Av. José Jorente, 291","3425-3484",usffigueirinha@marilia.sp.gov.br,07h às 17h
"USF VILA BARROS ""Dr. Jacy dos Reis Junqueira""","Rua Amando Oliveira Rocha Filho, 10, CEP 17.511-250","3425-7175",usfvilabarros@marilia.sp.gov.br,07h às 17h
"USF AEROPORTO ""Dr. Gabriel Seixas""","Rua Iporâs, 05","3432-2682",usfjardimaeroporto@marilir.sp.gov.br,07h às 17h
"USF MARAJÓ","Rua Vitória Atala, 181 - Jardim Marajó","3451-5278 / 3417-4034",usfmarajo@marilia.sp.gov.br,07h às 17h
"USF SANTA PAULA","Rua Vitória Atala, 181 - Jardim Marajó","3451-5278 / 3417-4034",usfsantapaula@marilia.sp.gov.br,07h às 17h
"USF JULIETA ""Felipe Scarpelli""","Rua Eliezer Rocha, 2505","3425-6080",usfjulieta@marilia.sp.gov.br,07h às 17h
"USF SANTA ANTONIETA II","Rua Luciano Borguetti, 148","3425-6070",usfsantaantonieta2@marilia.sp.gov.br,07h às 17h
"USF TÓFFOLI","Rua Yutaka Kamakura, 34","3417-7116",usftofoli@marilia.sp.gov.br,07h às 17h
"USF PARQUE DOS IPÉS","Rua Francisco da Costa Pimentel, 880","3417-2447",usfparquedosipes@marilia.sp.gov.br,07h às 17h
"USF SANTA AUGUSTA ""Dr. Antonio Mendes Filho""","Ioneu Carvalho Domingos 556","(14) 3451-6244",usfsantaaugusta@marilia.sp.gov.br,07h às 17h
"USF VILA NOVA","Rua Hermes da Fonseca, 496","3454-3345",usfvilanova@marilia.sp.gov.br,07h às 17h
"USF VILA HÍPICA","Rua Luiz Manhães, 156","3417-7474",usfvilahipica@marilia.sp.gov.br,07h às 17h
"USF PALMITAL ""Dr. José Roberto Faustino""","Rua Bartholomé Lopes Vilharrubia, 397","3415-3900",usfpalmital@marilia.sp.gov.br,07h às 17h
"USF ALTANEIRA ""Dr. Thimo Bruno Belluci""","Rua Riachuelo, 139, CEP 17.513-180","3432-1979",usfaltaneira@marilia.sp.gov.br,07h às 17h
"USF NOVO HORIZONTE ""Dr. Francisco Donizete Esteves Villas""","Rua Orlando Silva, 15","3454-5630",usfnovohorizonte@marilia.sp.gov.br,07h às 17h
"USF JARDIM MARÍLIA ""Raquel Nucce Dall'Antonia Garbelini""","Rua Jesuítas, 40","3433-2879",usfjardimmarilia@marilia.sp.gov.br,07h às 17h
"USF JÓQUEI CLUBE ""Augustino Manna""","Rua Japão, 380","3434-3215 / 3434-3217",usfjoqueiclube@marilia.sp.gov.br,07h às 17h
"USF TRÊS LAGOS","Rua Sebastião Innocêncio de Oliveira, 30","3417-7879",usf3lagos@marilia.sp.gov.br,07h às 17h
"USF JARDIM AMÉRICA IV ""Vanilda de Souza Rocha""","Rua Arnaldo Silva nº 63","3433-6910",usfjardimamerica4@marilia.sp.gov.br,07h às 17h
"USF SANTA HELENA ""José Gonçalves de Souza"" (Campo Belo)","Fazenda do Estado – Casa nº 09","(14) 99125-9188",usfcampobelosantahelena@marilia.sp.gov.br,07h às 17h
"USF DIRCEU (Campo Belo)","Av. Sampaio Vidal s/n","(14) 99829-6022",usfcampobelodirceu@marilia.sp.gov.br,07h às 17h
"USF JARDIM RENATA ""Dr. Celso Norikazu Tanahara""","Rua Antonia Bergamini Sândalo nº 35","3415-2606",usfjardimrenata@marilia.sp.gov.br,07h às 17h
"USF JARDIM FLAMINGO ""Orione Cassaro""","Rua Padre José Osvaldo Nunes s/nº","3432-4154",usfflamingo@marilia.sp.gov.br,07h às 17h
"USF JARDIM TERUEL ""Ana Cláudia Teixeira de Carvalho Pavarini""","Rua Elias Rifan nº 35","3413-5801",usfjardimteruel@marilia.sp.gov.br,07h às 17h
"USF ARGOLO FERRÃO ""Dr. Sidônio Quaresma""","Rua Monsenhor João Baptista nº 331","3413-8800",usfargoloferrao@marilia.sp.gov.br,07h às 17h
"USF 1º DE MAIO","Av. José Jorente, 291","3434-0381",usfprimeirodemaio@marilia.sp.gov.br,07h às 17h
"USF SANTA ANTONIETA III","Rua Eliezer Rocha, 2.505","3434-0125",usfsantaantonieta3@marilia.sp.gov.br,07h às 17h
"USF PADRE NOBREGA II ""Dr. Luiz de Camargo Bicudo""","Rua Salgado Filho, 30","3415-1734",usfpadrenobrega2@marilia.sp.gov.br,07h às 17h
"USF LEONEL BRIZOLA","Rua Urias Avelino de Moraes s/n","(14) 3415-2425",usfleonelbrizola@marilia.sp.gov.br,07h às 17h
